Date,Actual,Predicted
2025-08-13,627,599.3469036946778
2025-08-14,626,608.2633299865887
2025-08-15,606,607.6874831251168
2025-08-16,688,658.256384886504
2025-08-17,711,651.3500715644709
2025-08-18,538,599.0656067997872
2025-08-19,650,578.9872349989878
2025-08-20,602,614.3992084980774
2025-08-21,572,600.3164297918611
2025-08-22,619,592.4228470873019
2025-08-23,659,689.0295286687319
2025-08-24,670,684.1745517087079
2025-08-25,621,587.5029125000586
2025-08-26,579,627.5047923665508
2025-08-27,604,593.6341617694484
2025-08-28,600,598.3212274648349
2025-08-29,639,599.7985956380921
2025-08-30,712,652.5007231498051
2025-08-31,652,684.966900137388
2025-09-01,530,607.4956392635929
2025-09-02,543,551.161310544135
2025-09-03,559,570.26132080493
2025-09-04,582,569.9348548566082
2025-09-05,536,629.271064439468
2025-09-06,782,721.8188511904762
2025-09-07,809,668.8449173844945
2025-09-08,519,555.5670509844042
2025-09-09,550,545.880569737602
2025-09-10,543,545.0199931303312
2025-09-11,578,554.1284353685279
2025-09-12,549,562.0492747721072
2025-09-13,790,779.9490463567564
2025-09-14,775,795.3312086680338
2025-09-15,573,560.0208114677855
2025-09-16,528,564.508042616256
2025-09-17,526,535.7424679460116
2025-09-18,558,544.6616182561814
2025-09-19,566,542.3450051548135
2025-09-20,821,765.7083387269681
2025-09-21,800,803.9227416396647
2025-09-22,507,560.3105678228908
2025-09-23,551,543.4175957361133
2025-09-24,522,543.8725023138542
2025-09-25,598,559.9164545327568
2025-09-26,561,579.3153404409237
2025-09-27,797,794.8367638633022
2025-09-28,791,798.845227189545
2025-09-29,538,549.3173306583901
2025-09-30,526,541.2003560561811
2025-10-01,547,527.4250827922078
2025-10-02,515,573.8741548307427
2025-10-03,555,555.6607777781211
2025-10-04,600,651.5693894929361
2025-10-05,599,610.3143281653747
2025-10-06,509,568.7900438891508
2025-10-07,531,526.7744054532815
2025-10-08,550,502.356617965368
2025-10-09,557,549.0633299994597
2025-10-10,534,546.5902752231428
2025-10-11,594,572.3327141463382
2025-10-12,615,605.3735394220781
2025-10-13,599,562.9833955365447
2025-10-14,551,562.9818676310352
2025-10-15,519,565.0235742848369
2025-10-16,546,509.01124891774896
2025-10-17,512,516.1296810966811
2025-10-18,610,560.5606144006317
2025-10-19,621,603.4006531067472
2025-10-20,543,600.9233343485503
2025-10-21,529,530.077321995073
2025-10-22,537,507.8623755411256
2025-10-23,525,534.4329665948089
2025-10-24,515,507.3248755411256
2025-10-25,560,579.452695090231
2025-10-26,608,584.1226057818814
2025-10-27,579,576.3967563782538
2025-10-28,545,572.5858873397159
2025-10-29,531,521.0627773533656
2025-10-30,537,510.31258387445894
2025-10-31,544,551.1627215064348
2025-11-01,783,517.7150762987012
2025-11-02,808,634.2225923434069
2025-11-03,546,560.424844048057
2025-11-04,553,541.8113200483614
2025-11-05,529,526.5855868089131
2025-11-06,591,527.9251886446885
2025-11-07,519,573.3847225782779
2025-11-08,770,773.4753918282782
2025-11-09,772,781.7135110308693
2025-11-10,538,547.834234863902
2025-11-11,557,545.5019607560835
2025-11-12,543,545.0532921513314
2025-11-13,528,564.4249350938276
2025-11-14,578,517.9488740842492
2025-11-15,744,769.0838755898869
2025-11-16,816,778.6990303669012
2025-11-17,556,552.5590640000437
2025-11-18,527,544.4856598024535
2025-11-19,534,556.4362383839072
2025-11-20,531,524.8298704292783
2025-11-21,539,532.1289849439776
2025-11-22,810,725.5820425293305
2025-11-23,763,789.3484047292222
2025-11-24,511,567.4061552849665
2025-11-25,552,544.4731239762698
2025-11-26,534,558.9490770958331
2025-11-27,512,566.2401233322921
2025-11-28,571,511.3037196969697
2025-11-29,773,748.8783564210713
2025-11-30,829,765.4533553262851
2025-12-01,611,561.2381235324235
2025-12-02,591,583.4302206533625
2025-12-03,598,593.8938473950066
2025-12-04,598,610.8107176558243
2025-12-05,634,616.0228110816387
2025-12-06,672,778.241481198875
2025-12-07,709,817.8739771511703
2025-12-08,566,606.326999861172
2025-12-09,601,573.9671244807823
2025-12-10,561,599.2331290029183
2025-12-11,625,574.778484384359
2025-12-12,607,627.6623078736947
2025-12-13,686,677.3427898405316
2025-12-14,701,704.3939465319403
2025-12-15,583,585.6200203727002
2025-12-16,614,591.6660861813433
2025-12-17,567,593.970784222728
2025-12-18,582,601.0726245501573
2025-12-19,585,583.1397298192129
2025-12-20,690,698.2377241204465
2025-12-21,706,700.4050113976303
2025-12-22,590,595.672577026305
2025-12-23,604,592.6690379910599
2025-12-24,610,614.6033403742284
2025-12-25,589,607.3722359910477
2025-12-26,600,591.4543731249634
2025-12-27,658,694.5478362557528
2025-12-28,672,683.2857527792877
2025-12-29,578,592.9199675766165
2025-12-30,576,588.7559603235411
2025-12-31,574,589.3564877348832
